Item Creation Full Month,Library Code,Normalized Call Number,Location Code,Full Call Number,Title,Author,ISBN,Barcode
Oct 17,THEO,"0b""505 d55 1977",STACK,B505 .D55 1977,The middle Platonists : 80 B.C. to A.D. 220 /,,9780801410833; 0801410835,300000471147
Oct 17,THEO,"0b""765 t54 c478 2017",STACK,B765 .T54 C478 2017,"Thomas and the Thomists : the achievement of Thomas Aquinas and his interpreters / Romanus Cessario, OP, and Cajetan Cuddy, OP.","Cessario, Romanus, author.",1506405959; 9781506405957,300000472177
Oct 17,THEO,"0b""775 c3 1963",STACK,B775 .C3 1963,Individuum und Kosmos in der Philosophie der Renaissance /,"Cassirer, Ernst, 1874-1945.",,300000471038
Oct 17,THEO,"0b""785 e64 a84 1991",STACK,B785 .E64 A84 1991,"Erasmus : his life, works and influence /","Augustijn, C., 1928-",0802058647; 9780802058645,300000471003
Oct 17,THEO,"0b""819 l466",STACK,B819 .L466,Existentialism: with or without God /,"Lescoe, Francis J.",9780818902857; 081890285X,300000472303
Oct 17,THEO,"0b""821 g44 1982",STACK,B821 .G44 1982,German humanism and reformation /,,9780826402615; 0826402615; 9780826402516; 0826402518,300000471035
Oct 17,THEO,0b#1299 s64 m53 2017,STACK,B1299 .S64 M53 2017,Reason turned into sense : John Smith on spiritual sensation /,"Michaud, Derek A., author.",9042934824; 9789042934825,300000472229
Oct 17,THEO,0b#1302 e65 r4 1996,STACK,B1302 .E65 R4 1996,"Reason, ridicule, and religion : the age of enlightenment in England, 1660-1750 /","Redwood, John.",0500278857; 9780500278857,300000461806
Oct 17,THEO,0b#2971 w45 e5,STACK,B2971 .W45 E5,The essence of faith according to Luther /,"Feuerbach, Ludwig, 1804-1872.",,300000471084
Oct 17,THEO,0b#4378 s4 e54 2017,STACK,B4378 .S4 E54 2017,Innerlichkeit : Struktur- und praxistheoretische Perspektiven auf Kierkegaards Existenzdenken /,"Engmann, Matthias, 1984- author.",3110526921; 9783110526929; 9783110532036; 3110532034; 9783110530612; 3110530619,300000458606
Oct 17,THEO,"0bd""241 p67 2011",STACK,BD241 .P67 2011,Hermeneutics : an introduction to interpretive theory /,"Porter, Stanley E., 1956-",9780802866578; 0802866573,300000471083
Oct 17,THEO,"0bd""512 t413 1961",STACK,BD512 .T413 1961,The phenomenon of man : with an introd. by Julian Huxley /,"Teilhard de Chardin, Pierre.",,9936508509102486
Oct 17,THEO,0bf#1582 m6 1976,STACK,BF1582 .M6 1976,Witchcraft in France and Switzerland : the borderlands during the Reformation /,"Monter, E. William.",9780801409639; 0801409632,300000471026
Oct 17,THEO,0bf#1762 w56 2017,STACK,BF1762 .W56 2017,Early Mesopotamian divination literature : its organizational framework and generative and paradigmatic characteristics /,"Winitzer, Abraham, author.",9004346996; 9789004346994; 9789004347007; 9004347003,300000472235
Oct 17,THEO,0bj#1251 g86,STACK,BJ1251 .G86,Can ethics be Christian? /,"Gustafson, James M.",9780226311036; 0226311031,300000471069
Oct 17,THEO,0bj#1251 s8132 2016,STACK,BJ1251 .S8132 2016,Kingdom ethics : following Jesus in contemporary context /,"Gushee, David P., 1962- author.",0802874215; 9780802874214; 9780802876119; 0802876110,300000472256
Oct 17,THEO,0bl!50 s58 1982,STACK,BL50 .S58 1982,Religious diversity /,"Smith, Wilfred Cantwell, 1916-2000.",0824504585; 9780824504588,300000471098
Oct 17,THEO,0bl!85 a44 1991,STACK,BL85 .A44 1991,After patriarchy : feminist transformations of the world religions /,,9780883447499; 0883447495; 9780883447482; 0883447487,300000471018
Oct 17,THEO,"0bl""240.3 h37 2017",STACK,BL240.3 .H37 2017,Echoes of coinherence : Trinitarian theology and science together /,"Hastings, W. Ross, author.",1498240801; 9781498240802; 1532616848; 9781532616846,300000472216
Oct 17,THEO,"0bl""240.3 m439 2017",STACK,BL240.3 .M439 2017,Enriching our vision of reality : theology and the natural sciences in dialogue /,"McGrath, Alister E., 1953- author.",1599475340; 9781599475349; 9781599475356; 1599475359,300000472282
Oct 17,THEO,"0bl""458 c47 1980",STACK,BL458 .C47 1980,Diving deep and surfacing : women writers on spiritual quest /,"Christ, Carol P.",0807063622; 9780807063620,300000461801
Oct 17,THEO,"0bl""570 w43 2017",STACK,BL570 .W43 2017,"Sacrifice in Judaism, Christianity, and Islam /","Weddle, David L. 1942- author. (David Leroy),",0814764916; 9780814764916; 0814789315; 9780814789315,300000472295
Oct 17,THEO,0bl#2462.5 a83 2017,STACK,BL2462.5 .A83 2017,"Channels of prayer, prophecy and power : contemporary religion, new media and transformation of public sphere in Africa /","Asamoah-Gyadu, J. Kwabena author. (Johnson Kwabena),",9964950861; 9789964950866,300000461843
Oct 17,THEO,0bl#2490 g44 2016,STACK,BL2490 .G44 2016,Un culte du Vodu Hebiesso : approche d'une religion africaine chez le Ouatchi du Sud-Togo /,"Gilli, Bruno.",2906718440; 9782906718449,300000461852
Oct 17,THEO,0bl#2525 b87 2017,STACK,BL2525 .B87 2017,The business turn in American religious history /,,9780190280208; 0190280204; 9780190280192; 0190280190,300000472326
Oct 17,THEO,0bl#2525 c444 2017,STACK,BL2525 .C444 2017,American religion : contemporary trends /,"Chaves, Mark, author.",9780691177564; 0691177562,300000472195
Oct 17,THEO,0bl#2525 h57 2009,STACK,BL2525 .H57 2009 V. 1,Hispanic American religious cultures /,,1598841408; 9781598841404; 1598841394; 9781598841398,300000472222
Oct 17,THEO,0bl#2525 h57 2009,STACK,BL2525 .H57 2009 V. 2,Hispanic American religious cultures /,,1598841408; 9781598841404; 1598841394; 9781598841398,300000472223
Oct 17,THEO,0bl#2525 s76 2004,STACK,BL2525 .S76 2004,Democracy and tradition /,"Stout, Jeffrey, author.",0691102937; 9780691102931; 0691123829; 9780691123820,300000297808
Oct 17,THEO,0bl#2525 w4145 2017,STACK,BL2525 .W4145 2017,Religious freedom : the contested history of an American ideal /,"Wenger, Tisa Joy, 1969- author.",1469634627; 9781469634623; 9781469634630; 1469634635,300000472266
Oct 17,THEO,"0bm""485 d56 2017",STACK,BM485 .D56 2017,From Enoch to Tobit : collected studies in ancient Jewish literature /,"Dimant, Devorah, author.",3161542886; 9783161542886,300000472200
Oct 17,THEO,"0bm""535 p39 1973",STACK,BM535 .P39 1973,The challenge of the Holocaust for Christian theology /,"Pawlikowski, John.",0884740329; 9780884740322; 0884740323,300000471053
Oct 17,THEO,"0bm""610 k79 2017",STACK,BM610 .K79 2017,The great shift : encountering God in biblical times /,"Kugel, James L., author.",0544520556; 9780544520554; 9780544520578; 0544520572,300000472269
Oct 17,THEO,"0bm""645 a645 o75 2017",STACK,BM645 .A645 O75 2017,Yahoel and Metatron : aural apocalypticism and the origins of early Jewish mysticism /,"Orlov, Andrei A., 1960- author.",3161554477; 9783161554476,300000472201
Oct 17,THEO,0bp!64 n5 a9 1958,STACK,BP64 .N5 A9 1958,Azumin watan ramalana /,"Yamusa, Shehu.",,300000462446
Oct 17,THEO,"0bp""190.5 v56 r45 2017",STACK,BP190.5 .V56 R45 2017,Religion and violence : Muslim and Christian theological and pedagogical reflections /,,3658183012; 9783658183011,300000472238
Oct 17,THEO,0br!60 c49 v 90b 0,STACK,BR60 .C49 V.90B,Vigilii Thapsensis Contra Arrianos Sabellianos Fotinianos dialogus /,"Vigilius, Bishop of Thapsus, active 5th century, author.",2503565808; 9782503565804,300000462539
Oct 17,THEO,0br!65 a849 a1 1936,STACK,BR65 .A849 A1 1936 V.59A,Les commentaires des psaumes = enarrationes in psalmos /,"Augustine, of Hippo, Saint, 354-430.",9782851212399; 2851212397; 9782851212535; 2851212532; 9782851212894; 2851212893; 9782851212603; 2851212605; 9782851212801; 285121280X; 9782851212849; 2851212842; 2851212389; 9782851212382,300000462540
Oct 17,THEO,0br!65 a9 g36 2017,STACK,BR65 .A9 G36 2017,Freedom from passions in Augustine /,"Gao, Yuan, author.",9781787076730; 1787076733,300000472192
Oct 17,THEO,0br!65 c66 b73 1986,STACK,BR65 .C66 B73 1986,An analysis of the literary structure and forms in the Protrepticus and Paidagogus of Clement of Alexandria /,"Brackett, John K.",,300000458612
Oct 17,THEO,0br!85 r58,STACK,BR85 .R58,Three essays. /,"Ritschl, Albrecht, 1822-1889.",9780800602246; 0800602242,300000471088
Oct 17,THEO,0br!95 h34 1959,STACK,BR95 .H34 1959,Theologisches Fremdwörterbuch.,"Hauck, Friedrich, 1882-1954.",,300000471046300000471046
Oct 17,THEO,"0br""100 c525 1993",STACK,BR100 .C525 1993,"Christian faith and Greek philosophy in late antiquity : essays in tribute to George Christopher Stead ... in celebration of his eightieth birthday, 9th April 1993 /",,9789004096059; 9004096051,000015238589
Oct 17,THEO,"0br""100 r34",STACK,BR100 .R34,Christian empiricism /,"Ramsey, Ian T.",0802815588; 9780802815583,300000471176
Oct 17,THEO,"0br""110 s27 1975",STACK,BR110 .S27 1975,"Faith, psychology & Christian maturity /","Sall, Millard J.",0310324319; 9780310324317,300000471135
Oct 17,THEO,"0br""115 c8 f635 1996",STACK,BR115 .C8 F635 1996,We are the church together : cultural diversity in congregational life /,"Foster, Charles R., 1937-",9781563381690; 1563381699,300000471070
Oct 17,THEO,"0br""115 c8 p756 2017",STACK,BR115 .C8 P756 2017,Contextualization of the gospel : towards an evangelical approach in the light of scripture and the church fathers /,"Prince, Andrew James.",9781498245296; 1498245293; 1532619154; 9781532619151,300000472214
Oct 17,THEO,"0br""115 c8 p756 2017",STACK,,,,,300000472215
Oct 17,THEO,"0br""115 l25 d46 2017",STACK,BR115 .L25 D46 2017,Ideas on language in early Latin Christianity from Tertullian to Isidore of Seville /,"Denecker, Tim, author.",9004349871; 9789004349872; 9789004276659; 9004276653,300000472329
Oct 17,THEO,"0br""115 w6 m644 2017",STACK,BR115 .W6 M644 2017,Reclaiming the common good : how Christians can help rebuild our broken world /,"Moffat, Virginia, author.",9780232533156; 0232533156,300000472294
Oct 17,THEO,"0br""121.3 p76 2017",STACK,BR121.3 .P76 2017,The Protestant Reformation and world Christianity : global perspectives /,,0802873049; 9780802873040,300000472246
Oct 17,THEO,"0br""128 a2 b8 1954",STACK,BR128 .A2 B8 1954,Das Urchristentum im Rahmen der antiken Religionen /,"Bultmann, Rudolf, 1884-1976.",,300000471170
Oct 17,THEO,"0br""128 a2 r4",STACK,BR128.A2 R4,Antike und Christentum : vier religionsgeschichtliche Aufsätze.,"Reitzenstein, Richard, 1861-1931.",,300000472316
Oct 17,THEO,"0br""128 a8 a76 2016",STACK,BR128 .A8 A76 2016,"Atheism and the Christian faith : proceedings from the 2016 conference Atheism and the Christian Faith, Canadian Centre for Scholarship and the Christian Faith at Concordia University of Edmonton, Alberta, Canada /","Atheism and the Christian Faith (Conference) Concordia University of Edmonton, Alberta, Canada) (2016 :",9781622731732; 1622731735,300000472231
Oct 17,THEO,"0br""129 f56 1987",STACK,BR129 .F56 1987,In memory of her : a feminist theological reconstruction of Christian origins /,"Schüssler Fiorenza, Elisabeth, 1938-",0824506677; 9780824506674,300000461781
Oct 17,THEO,"0br""138 t498 2017",STACK,BR138 .T498 2017,"Texts, practices, and groups : multidisciplinary approaches to the history of Jesus followers in the first two centuries : first annual meeting of Bertinoro (2-5 October 2014) /",,2503569013; 9782503569017,300000472285
Oct 17,THEO,"0br""162.3 i58 2017",STACK,BR162.3 .I58 2017,Into all the world : emergent Christianity in its Jewish and Greco-Roman context /,,0802875157; 9780802875150,300000472251
Oct 17,THEO,"0br""166 j465 2017",STACK,BR166 .J465 2017,Crucible of faith : the ancient revolution that made our modern religious world /,"Jenkins, Philip, 1952- author.",0465096409; 9780465096404; 9780465096411; 0465096417,300000472265
Oct 17,THEO,"0br""166 u73 2017",STACK,BR166 .U73 2017,The urban world and the first Christians /,,0802874517; 9780802874511,300000472258
Oct 17,THEO,"0br""182 c66 2017",STACK,BR182 .C66 2017,"Assembling early Christianity : trade, networks, and the letters of Dionysios of Corinth /","Concannon, Cavan W., 1979- author.",1107194296; 9781107194298,300000472327
Oct 17,THEO,"0br""195 c45 u53 2018",STACK,BR195 .C45 U53 2018,Borderline virginities : sacred and secular virgins in late antiquity /,"Undheim, Sissel, author.",1472480171; 9781472480170; 9781315569734; 1315569736,300000472206
Oct 17,THEO,"0br""195 f35 d48 2017",STACK,BR195 .F35 D48 2017,Neues Leben in der alten Welt : der Beitrag frühchristlicher Schriften des späten ersten Jahrhunderts zum Diskurs über familiäre Strukturen in der griechisch-römischen Welt /,"Dettinger, Dorothee, 1983- author.",3374052215; 9783374052219,300000458648
Oct 17,THEO,"0br""195 w6 r9 1970",STACK,BR195 .W6 R9 1970,The role of women in the church /,"Ryrie, Charles Caldwell, 1925-2016.",9780802473707; 0802473709; 9780802473714; 0802473717,300000471015
Oct 17,THEO,"0br""305.2 d53 1979",STACK,BR305.2 .D53 1979,Reformation and society in sixteenth-century Europe /,"Dickens, A. G. 1910-2001. (Arthur Geoffrey),",,300000461765
Oct 17,THEO,"0br""305.2 h28 1694",STACK,BR305.2 .H28 1694,The age of Reformation.,"Harbison, E. Harris 1907-1964. (Elmore Harris),",,300000461767
Oct 17,THEO,"0br""305.3 g74 2017",STACK,BR305.3 .G74 2017,"Rebel in the ranks : Martin Luther, the Reformation, and the conflicts that continue to shape our world /","Gregory, Brad S. 1963- author. (Brad Stephan),",0062471171; 9780062471178; 9780062471208; 0062471201,300000472273
Oct 17,THEO,"0br""307 r445 2017",STACK,BR307 .R445 2017,Reformation : Impulsgeber für die Moderne? /,,3374052398; 9783374052394,300000458654
Oct 17,THEO,"0br""307 w48 2017",STACK,BR307 .W48 2017,The Reformation 500 years later : 12 things you need to know /,"Wiker, Benjamin, 1960- author.",1621576701; 9781621576709,300000472280
Oct 17,THEO,"0br""309 l84",STACK,BR309 .L84,"Luther, Erasmus, and the Reformation : a Catholic-Protestant reappraisal. /",,9780823208302; 0823208303,300000471067
Oct 17,THEO,"0br""325 h28 2017",STACK,BR325 .H28 2017,A world ablaze : the rise of Martin Luther and the birth of the Reformation /,"Harline, Craig, author.",0190275189; 9780190275181,300000472272
Oct 17,THEO,"0br""325 n54 2017",STACK,BR325 .N54 2017,Martin Luther : eine Reise zum Ursprung der Reformation /,"Niedermeier, Richard, 1956- author.",3945401267; 9783945401262,300000458618
Oct 17,THEO,"0br""325 r524 2017",STACK,BR325 .R524 2017,The making of Martin Luther /,"Rex, Richard, author.",0691155151; 9780691155159,300000472323
Oct 17,THEO,"0br""326.5 k53 2017",STACK,BR326.5 .K53 2017,"1521 : Martin Luthers rhetorischer Moment, oder, Die Einführung des Protests /","Knape, Joachim, author.",3110545497; 9783110545494; 9783110546927; 3110546922; 9783110545586; 3110545586,300000458658
Oct 17,THEO,"0br""333.5 j4 h375 2017",STACK,BR333.5 .J4 H375 2017,Luther and the Jews : putting right the lies /,"Harvey, Richard S.",1532619014; 9781532619014; 1498245013; 9781498245012,300000472210
Oct 17,THEO,"0br""334.3 t496 2017",STACK,BR334.3 .T496 2017,Martin Luther : Katholik und Reformator /,"Thönissen, Wolfgang, author.",3897107015; 9783897107014; 3374049591; 9783374049592,300000458616
Oct 17,THEO,"0br""335.5 c4 m37 2017",STACK,BR335.5 .C4 M37 2017,Martin Luther on reading the bible as Christian scripture: the messiah in Luther's biblical hermeneutic and theology /,"Marsh, William M.",9781498288224; 1498288227; 9781606080009; 1606080008,300000472188
Oct 17,THEO,"0br""345 c68 1966",STACK,BR345 .C68 1966,Zwingli : als reformierter Theologe /,"Courvoisier, Jaques.",,300000461825
Oct 17,THEO,"0br""345 n484 2017",STACK,BR345 .N484 2017,Ulrich Zwinglis Ethik : Stationen - Grundlagen - Konkretionen / Matthias Neugebauer.,"Neugebauer, Matthias, 1969- author.",3290178927; 9783290178925,300000458660
Oct 17,THEO,"0br""350 e5 h8 1964",STACK,BR350 .E5 H8 1964,On the eve of the Reformation : letters of obscure men /,,,300000471005
Oct 17,THEO,"0br""350 e7 p3 1956",STACK,BR350 .E7 P3 1956,Erasmus als Katechet. : Der literarische Beitrag des Erasmus von Rotterdam zur katholischen Katechese des 16. Jahrhunderts; eine Untersuchung zur Geschichte der Katechese.,"Padberg, Rudolf.",,300000461766
Oct 17,THEO,"0br""350 e7 p5 1961",STACK,BR350 .E7 P5 1961,Erasmus and the Northern Renaissance.,"Phillips, Margaret Mann.",,300000471004
Oct 17,THEO,"0br""370 m83 2017",STACK,BR370 .M83 2017,Reformation und alter Glaube : Zugehörigkeiten der Altgläubigen im Alten Reich und in Frankreich (1517-1540) /,"Mudrak, Marc, 1987- author.",3110489627; 9783110489620; 9783110489781; 3110489783,300000458656
Oct 17,THEO,"0br""430 j3 1951",STACK,BR430 .J3 1951,The Catholic Reformation.,"Janelle, Pierre.",,300000461800
Oct 17,THEO,"0br""516 f28 2017",STACK,BR516 .F28 2017,Faith and resistance in the age of Trump /,,1626982473; 9781626982475; 9781608337125; 160833712X,300000472178
Oct 17,THEO,"0br""526 m675 2017",STACK,BR526 .M675 2017,Bible nation : the United States of Hobby Lobby /,"Moss, Candida R., author.",069117735X; 9780691177359,300000472268
Oct 17,THEO,"0br""754 a1 r44 2017",STACK,BR754 .A1 R44 2017,"Celtic saints of Scotland, Northumbria and the Isle of Man /","Rees, Elizabeth, author.",9781781556016; 1781556016,300000472325
Oct 17,THEO,"0br""758 r383 2017",STACK,BR758 .R383 2017,Religion in Enlightenment England : an anthology of primary sources /,,1602583005; 9781602583009,300000472179
Oct 17,THEO,"0br""852 t457 2017",STACK,BR852 .T457 2017 V.1,Geschichte der evangelischen Kirche in Frankfurt am Main /,"Telschow, Jürgen.",3863143299; 9783863143299,300000458657
Oct 17,THEO,"0br""936 d26 2017",STACK,BR936 .D26 2017,The dangerous God : Christianity and the Soviet experiment /,,0875807704; 9780875807706; 9781609092283; 1609092287,300000472287
Oct 17,THEO,0br#1067 c4 h3 1965,STACK,BR1067 .C4 H3 1965,Chinese of the diaspora /,"Haines, J. Harry (Joseph Harry)",,000015000721
Oct 17,THEO,0br#1155 b8 1927,STACK,BR1155 .B8 1927,"""Our Asiatic Christ"" /","Buck, Oscar MacMillan, 1885-1941.",,000015184890
Oct 17,THEO,0br#1360 k93 2000,STACK,BR1360 .K93 2000,Prayer for Africa /,"Kwame, Odei, Reverend, author.",,300000461842
Oct 17,THEO,0br#1360 r5414 1986,STACK,BR1360 .R5414 1986,Tâche théologique de l'Eglise en Afrique /,"Tienou, Tite.",,000015114068
Oct 17,THEO,0br#1446.8 l83 u34 2015,STACK,BR1446.8 .L83 U34 2015,Christianity in the Luangwa Valley /,"Udelhoven, Bernhard.",1515383512; 9781515383512,300000461850
Oct 17,THEO,0br#1460 l474 2008,STACK,BR1460 .L474 2008,The Church in West Africa /,"Lere, Pauline Mark.",9789783564381; 9783564382,300000471022
Oct 17,THEO,0br#1463 g5 b62 2017,STACK,BR1463 .G5 B62 2017,"Upholding the Evangelical truth : the story of Korle-Bu Community Chapel, 1967-2013 /","Boadi-Siaw, Samuel.",9988863012; 9789988863012,300000461844
Oct 17,THEO,0br#1463 n5 g87 2017,STACK,BR1463 .N5 .G87 2017,COCIN birth and growth /,"Gutip, Nanwul, author.",9789585691; 9789789585694,300000471037
Oct 17,THEO,0br#1463 n5 m6 2014,STACK,BR1463 .N5 M6 2014,African-culture Christianity : incluturation of the Church in Africa via Igbo culture /,"Mmuo, Patrick Mary Anene, author.",9783733208,300000471059
Oct 17,THEO,0br#1463 n5 o4 2015,STACK,BR1463 .N5 O4 2015,Ecumenism and inter-religious dialogue /,"Ojebode, P. A., author.",9789783106409,300000471082
Oct 17,THEO,0br#1644.5 a35 a83 2010,STACK,BR1644.5 .A35 A83 2010,"'Taking territories & raising champions' : contemporary Pentecostalism and the changing face of Christianity in Africa, 1980-2010 : /","Asamoah-Gyadu, J. Kwabena author. (Johnson Kwabena),",9964784392; 9789964784393,300000461837
Oct 17,THEO,0br#1644.5 g4 t46 2010,STACK,BR1644.5 .G4 T46 2010,A historical glimpse of the Holy Spirit revival of the church from 1900 to date /,"Tenobi, David T.",9988120524; 9789988120528,300000461833
Oct 17,THEO,0br#1650.2 p58,STACK,BR1650.2 .P58 2017,Pietismus und Neuzeit.,,,300000458650
Oct 17,THEO,0br#1720 a9 a3 1954,STACK,BR1720 .A9 A3 1954,Die geistige Entwicklung des Heiligen Augustinus.,"Adam, Karl, 1876-1966.",,300000471152
Oct 17,THEO,0br#1725 d594 a3 2017,STACK,BR1725 .D594 A3 2017,"Bitten by a camel : leaving church, finding God /","Dobson, Kent, author.",1506417744; 9781506417745,300000472233
Oct 17,THEO,"0bs""191.5 a1 2005 c65",OSIZE,BS191.5 .A1 2005 .C65 V.4,The Saint John's Bible /,,9780814690581; 0814690580; 9780814690529; 0814690521; 9780814690536; 081469053X; 9780814690543; 0814690548; 9780814690550; 0814690556; 9780814690567; 0814690564; 9780814690512; 0814690513; 9780814690574; 0814690572,300000461809
Oct 17,THEO,"0bs""449 p68 2017",STACK,BS449 .P68 2017,"Postcoloniality, translation, and the Bible in Africa /",,1498295142; 9781498295147; 1498295169; 9781498295161,300000472217
Oct 17,THEO,"0bs""450 a763 2007",STACK,BS450 .A763 2007,The Bible : a biography /,"Armstrong, Karen, 1944-",9780871139696; 0871139693,300000461782
Oct 17,THEO,"0bs""480 k65 1962",STACK,BS480 .K65 1962,Bibelautorität und Bibelkritik /,"Knierim, Rolf.",,300000461754
Oct 17,THEO,"0bs""500 h575 2003",STACK,BS500 .H575 2003 V.3,A history of biblical interpretation /,,9780802842732; 0802842739,300000472237
Oct 17,THEO,"0bs""511.3 l45 2009",STACK,BS511.3 .L45 2009,Deep exegesis : the mystery of reading Scripture /,"Leithart, Peter J.",9781602580695; 1602580693,300000471093
Oct 17,THEO,"0bs""538.3 p69 2001",STACK,BS538.3 .P69 2001,The Word of the Lord : liturgy's use of scripture /,"Power, David Noel.",9781570753978; 1570753970,300000471054
Oct 17,THEO,"0bs""680 f6 r98 2017",STACK,BS680 .F6 R98 2017,Manna - bread from heaven : Jn 6:22-59 in the light of Ps 78:23-25 and its interpretation in early Jewish sources /,"Rytel-Andrianik, Paweł, author.",3631653611; 9783631653616,300000472288
Oct 17,THEO,"0bs""680 w7 b8",STACK,BS680 .W7 B8,God's word to women : one hundred Bible studies on woman's place in the divine economy /,"Bushnell, Katharine C.",,300000471016
Oct 17,THEO,0bs#1151 k4,STACK,BS1151 .K4 V.4,Israel's laws and legal precedents : from the days of Moses to the closing of the legal canon /,,1332721052; 9781332721054,300000471065
Oct 17,THEO,0bs#1171.3 d39 2017,STACK,BS1171.3 .D39 2017,Who needs the Old Testament? : its enduring appeal and why the New Atheists don't get it /,"Dell, Katharine J. 1961- author. (Katharine Julia),",1532619642; 9781532619649; 9780281077236; 0281077231; 0281065047; 9780281065042,300000472225
Oct 17,THEO,0bs#1171.3 d39 2017,STACK,,,,,300000472226
Oct 17,THEO,0bs#1174 k56 1953,STACK,BS1174 .K56 1953,Theologie des Alten Testaments.,"Köhler, Ludwig, 1880-1956.",,300000471027
Oct 17,THEO,0bs#1175.3 h43 2012,STACK,BS1175.3 .H43 2012,Hearing the Old Testament : listening for God's address /,,9780802865618; 0802865615,300000471091
Oct 17,THEO,0bs#1181.8 g34 2017,STACK,BS1181.8 .G34 2017,Womanist Midrash : a reintroduction to the women of the Torah and the throne /,"Gafney, Wilda, 1966- author.",066423903X; 9780664239039; 9781611648126; 1611648122,300000472190
Oct 17,THEO,0bs#1188 w5 1948,STACK,BS1188 .W5 1948,"Is the higher criticism scholarly? : clearly attested facts showing that the destructive ""assured results of modern scholarship"" are indefensible /","Wilson, Robert Dick, 1856-1930.",,300000461755
Oct 17,THEO,0bs#1197 h3913,STACK,BS1197 .H3913,A history of Israel in Old Testament times.,"Herrmann, Siegfried, 1926-1999",,300000471163
Oct 17,THEO,0bs#1199 a57 s76 2018,STACK,BS1199 .A57 S76 2018,Reading the Hebrew Bible with animal studies /,"Stone, Ken 1962- author. (Kenneth A.),",080479975X; 9780804799751; 150360375X; 9781503603752; 9781503603769; 1503603768,300000472271
Oct 17,THEO,0bs#1199 e93 f75 2017,STACK,BS1199 .E93 F75 2017,The Exodus : how it happened and why it matters /,"Friedman, Richard Elliott, author.",0062565249; 9780062565242,300000472279
Oct 17,THEO,0bs#1199 p6 r44 2017,STACK,BS1199 .P6 R44 2017,Reframing politics in the Hebrew Bible : a new introduction with readings /,,162466461X; 9781624664618; 1624664628; 9781624664625,300000472276
Oct 17,THEO,0bs#1199 v56 r58 2015,STACK,BS1199 .V56 R58 2015,Ritual violence in the Hebrew Bible : new perspectives /,,0190249587; 9780190249588; 0190249595; 9780190249595,300000459004
Oct 17,THEO,0bs#1225.2 k64 1995,STACK,BS1225.2 .K64 1995,On the Old Testament or TaNak's spirituality of human existence : in honor of Gene M. Tucker /,"Knierim, Rolf P., 1928-",,300000471120
Oct 17,THEO,0bs#1235.3 s76 1976,STACK,BS1235.3 .S76 1976,A commentary on Genesis /,"Stigers, Harold G., 1917-1996.",,300000471138
Oct 17,THEO,0bs#1237 g74 2017,STACK,BS1237 .G74 2017,The rise and fall of Adam and Eve /,"Greenblatt, Stephen, 1943- author.",0393240800; 9780393240801,300000472278
Oct 17,THEO,0bs#1245.2 n48 1998,STACK,BS1245.2 .N48 1998,Exodus /,"Newsome, James D., 1931-",9780664500207; 066450020X,300000471074
Oct 17,THEO,0bs#1455 l66 2017,STACK,BS1455 .L66 2017,The fear of the Lord is wisdom : a theological introduction to wisdom in Israel /,"Longman, Tremper, author.",080102711X; 9780801027116,300000472270
Oct 17,THEO,0bs#1525.52 b66 2017,STACK,BS1525.52 .B66 2017,The book of Jeremiah /,,0802873294; 9780802873293,300000472264
Oct 17,THEO,0bs#1525.52 k75 2017,STACK,BS1525.52 .K75 2017,Jeremia - Fürbitter oder Kläger? : eine religionsgeschichtliche Studie zur Fürbitte und Klage im Jeremiabuch /,"Köhler, Sarah, 1986- author.",311054069X; 9783110540697; 9783110542721; 3110542722; 9783110543377; 3110543370,300000458646
Oct 17,THEO,0bs#1585.53 e33 2017,REF,BS1585.53 .E33 2017,Amos : a new translation with introduction and commentary /,,0300178786; 9780300178784,300000458651
Oct 17,THEO,0bs#1625.52 g34 2017,STACK,BS1625.52 .G34 2017,"Nahum, Habakkuk, Zephaniah /","Gafney, Wilda, 1966- author.",081468162X; 9780814681626; 9780814681879; 0814681875,300000472298
Oct 17,THEO,0bs#1700 s76 2006,STACK,BS1700 .S76 2006 V.3,"Apocrypha, Pseudepigrapha, and Armenian studies : collected papers /","Stone, Michael E., 1938-",9789042932098; 9042932090; 9042916435; 9789042916432; 9042916443; 9789042916449,300000472240
Oct 17,THEO,0bs#2095 h86 2017,STACK,BS2095 .H86 2017,The New Testament : a translation /,,0300186096; 9780300186093,300000472297
Oct 17,THEO,0bs#2331 f8 1963,STACK,BS2331 .F8 1963,Hermeneutik.,"Fuchs, Ernst, 1903-1983.",,300000471063
Oct 17,THEO,0bs#2331 f8 1963 suppl 0,STACK,BS2331 .F8 1963 Suppl.,Hermeneutik : Ergänzungsheft mit Regestern /,"Fuchs, Ernst, 1903-1983.",,300000471061
Oct 17,THEO,0bs#2344 m45 1956,STACK,BS2344 .M45 1956,Der Brief des Jakobus : Ergänzungsheft /,"Dibelius, Martin, 1883-1947.",,300000461753
Oct 17,THEO,0bs#2364 l63 1955,STACK,BS2364 .L63 1955,Urchristliche Mystik : Neutestamentliche Studien /,"Lohmeyer, Ernst, 1890-1946.",,300000471168
Oct 17,THEO,0bs#2387 s546 2017,STACK,BS2387 .S546 2017,Vom Alten Testament und vom Neuen : Beiträge zur Neuvermessung ihres Verhältnisses /,"Slenczka, Notger, author.",3374049427; 9783374049424,300000458652
Oct 17,THEO,0bs#2445 m6413 1992,STACK,BS2445 .M6413 1992,The women around Jesus /,"Moltmann-Wendel, Elisabeth.",,300000461795
Oct 17,THEO,0bs#2575.2 k52,STACK,BS2575.2 .K52,"Matthew : structure, Christology, kingdom /","Kingsbury, Jack Dean.",0800604342; 9780800604349,300000471164
Oct 17,THEO,0bs#2589 m37 1988,STACK,BS2589 .M37 1988,Luke : historian & theologian /,"Marshall, I. Howard.",9780830815135; 0830815139,300000471114
Oct 17,THEO,0bs#2595.2 w35 2001,STACK,BS2595.2 .W35 2001,Luke /,"Walker, Thomas W. 1962- (Thomas Worth),",0664226914; 9780664226916,300000471118
Oct 17,THEO,0bs#2595.3 t36 1996,STACK,BS2595.3 .T36 1996,Luke /,"Tannehill, Robert C.",9780687061327; 0687061326,300000471109
Oct 17,THEO,0bs#2615 b79,STACK,BS2615 .B79,Das Evangelium des Johannes. Ergänzungsheft /,"Bultmann, Rudolf, 1884-1976.",,300000461779
Oct 17,THEO,0bs#2615.53 b4813 2017,STACK,BS2615.53 .B4813 2017,A commentary on the Gospel of John /,"Beutler, Johannes, author.",0802873367; 9780802873361,300000472263
Oct 17,THEO,0bs#2615.53 b78 2012,STACK,BS2615.53 .B78 2012,The Gospel of John : a commentary /,"Bruner, Frederick Dale.",9780802866356; 0802866352,300000471092
Oct 17,THEO,0bs#2616 b76 2017,STACK,BS2616 .B76 2017,Interpreting the Gospel and letters of John : an introduction /,"Brown, Sherri, author.",0802873383; 9780802873385,300000472241
Oct 17,THEO,0bs#2625.5 a84 2017,STACK,BS2625.5 .A84 2017,The Acts of the Apostles /,"Averkīĭ, Archbishop of Jordanville, 1906-1976, author.",1942699158; 9781942699156; 9781942699163; 1942699166; 9781942699170; 1942699174,300000472197
Oct 17,THEO,0bs#2625.53 j46 2017,STACK,BS2625.53 .J46 2017,Acts /,"Jennings, Willie James, 1961- author.",0664234003; 9780664234003; 9781611648058; 161164805X,300000472183
Oct 17,THEO,0bs#2650.52 b67 2009,STACK,BS2650.52 .B67 2009,The first Paul : reclaiming the radical visionary behind the Church's conservative icon /,"Borg, Marcus J.",9780061430725; 0061430722,300000471117
Oct 17,THEO,0bs#2650.52 c448 2017,STACK,BS2650.52 .C448 2017,Reading Paul with the reformers : reconciling old and new perspectives /,"Chester, Stephen J., author.",0802848362; 9780802848369,300000472249
Oct 17,THEO,0bs#2650.52 t49 2017,STACK,BS2650.52 .T49 2017,Texts and contexts : Gospels and Pauline studies /,,1481300741; 9781481300742,300000458653
Oct 17,THEO,0bs#2651 l64 1954,STACK,BS2651 .L64 1954,Probleme paulinischer Theologie /,"Lohmeyer, Ernst, 1890-1946.",,300000471165
Oct 17,THEO,0bs#2651 s86 2017,STACK,BS2651 .S86 2017,Steward of God's mysteries : Paul and early church tradition /,"Sumney, Jerry L., author.",0802873618; 9780802873613,300000472247
Oct 17,THEO,0bs#2655 r35 b6 2017,STACK,BS2655 .R35 B6 2017,"Death and life : resurrection, restoration, and rectification in Paul's letter to the Galatians /","Boakye, Anthony K. author. (Anthony Kwadwo),",1498290000; 9781498290005; 1498290027; 9781498290029,300000472207
Oct 17,THEO,0bs#2675.2 r46 1952,STACK,BS2675.2 .R46 1952,Von der Auferstehung der Toten ; Handreichung zur Bibelwoche 1952 über 1. Korinther 15 /,"Rendtorff, Heinrich, 1888-1960.",,300000461758
Oct 17,THEO,0bs#2675.52 a974 2017,STACK,BS2675.52 .A974 2017,Two puzzling baptisms : First Corinthians 10:1-5 and 15:29 : studies in their Judaic background /,"Aus, Roger David, 1940-",0761869395; 9780761869399,300000472181
Oct 17,THEO,0bs#2675.53 n54 2017,STACK,BS2675.53 .N54 2017,1 Corinthians /,"Nighswander, Dan, author.",1513802445; 9781513802442,300000472320
Oct 17,THEO,0bs#2705.52 p5 2017,STACK,BS2705.52 .P5 2017,L'épître aux Philippiens : l'évangile du don et de l'amitié /,"Pialoux, Luc, author.",9042934921; 9789042934924,300000462468
Oct 17,THEO,0bs#2735.52 h65 2017,STACK,BS2735.52 .H65 2017,Civilized piety : the rhetoric of pietas in the pastoral epistles and the Roman Empire /,"Hoklotubbe, T. Chrisopher 1983- author. (Thomas Christopher),",1481307177; 9781481307178; 1481307185; 9781481307185; 9781481307208; 1481307207,300000472202
Oct 17,THEO,0bt!10 b4,STACK,BT10 .B4 V.4,Justin Martyr /,"Osborn, Eric Francis.",9783161332623; 3161332628,300000471139
Oct 17,THEO,0bt!10 c37 1981,STACK,BT10 .C37 1981,Symbols of goddess and God in feminist theology /,"Christ, Carol P.",,300000471011
Oct 17,THEO,0bt!77 b813 1954,STACK,BT77 .B813 1954,Our faith /,"Brunner, Emil, 1889-1966.",,300000471105
Oct 17,THEO,0bt!77 c687 1949,STACK,BT77 .C687 1949,Madha yjb 'an yumin ...,"Cooper, David L. 1886-1965. (David Lipscomb),",,300000462450
Oct 17,THEO,0bt!83.63 l36 2017,STACK,BT83.63 .L36 2017,"Care of souls, care of polis : toward a political pastoral theology /","LaMothe, Ryan, 1955- author.",9781498205214; 1498205216,300000472208
Oct 17,THEO,0bt!98 g68,STACK,BT98 .G68,The early Christian doctrine of God /,"Grant, Robert M. 1917- (Robert McQueen),",,300000471167
Oct 17,THEO,"0bt""103 h68 2017",STACK,BT103 .H68 2017,"The image of the unseen God : Catholicity, science, and our evolving understanding of God /","Hosinski, Thomas E., 1946- author.",1626982597; 9781626982598; 9781608337248; 1608337243,300000472322
Oct 17,THEO,"0bt""109 b58 2017",STACK,BT109 .B58 2017,Community and Trinity in Africa /,"Bitrus, Ibrahim S., author.",1138240648; 9781138240643; 1315283131; 9781315283135,300000472196
Oct 17,THEO,"0bt""111.3 g55 2017",STACK,BT111.3 .G55 2017,The rise and fall of the complementarian doctrine of the Trinity /,"Giles, Kevin, author.",1498244432; 9781498244435; 1532618662; 9781532618666,300000472212
Oct 17,THEO,"0bt""160 l68 2011",STACK,BT160 .L68 2011,"What shall we say? : evil, suffering, and the crisis of faith /","Long, Thomas G., 1946-",9780802865144; 0802865143,300000471086
Oct 17,THEO,"0bt""165 n48 2017",STACK,BT165 .N48 2017,Adopted : the sacrament of belonging in a fractured world /,"Nikondeha, Kelley, 1969- author.",0802874258; 9780802874252,300000472257
Oct 17,THEO,"0bt""180 p6 s65 2017",STACK,BT180 .P6 S65 2017,The house of the Lord : a Catholic biblical theology of God's temple presence in the Old and New Testaments /,"Smith, Steven C. (Ph.D.), author.",099693054X; 9780996930543,300000472198
Oct 17,THEO,"0bt""198 c279 2017",STACK,BT198 .C279 2017,Old Testament Yahweh texts in Paul's christology /,"Capes, David B.",1481307916; 9781481307918,300000472180
Oct 17,THEO,"0bt""203 b536 2017",STACK,BT203 .B536 2017,Jesus the eternal son : answering adoptionist Christology /,"Bird, Michael F., author.",0802875068; 9780802875068,300000472245
Oct 17,THEO,"0bt""203 c424 2015",STACK,BT203 .C424 2015,100 things Jesus did not say /,"Chiedu, Vincent.",1498440924; 9781498440929; 1498440932; 9781498440936,300000471024
Oct 17,THEO,"0bt""216.3 h87 2017",STACK,BT216.3 .H87 2017,Ancient Jewish monotheism and early Christian Jesus-devotion : the context and character of Christological faith /,"Hurtado, Larry W., 1943- author.",9781481307628; 1481307622,300000472203
Oct 17,THEO,"0bt""220 o115 2017",STACK,BT220 .O115 2017,Incarnation : a new evolutionary threshold /,"Ó Murchú, Diarmuid, author.",162698235X; 9781626982352; 9781608337002; 1608337006,300000472234
Oct 17,THEO,"0bt""375.2 h44 1994",STACK,BT375.2 .H44 1994,Parables as subversive speech : Jesus as pedagogue of the oppressed /,"Herzog, William R.",9780664253554; 0664253555,300000471071
Oct 17,THEO,"0bt""453 b693 2017",STACK,BT453 .B693 2017,Cross vision : how the crucifixion of Jesus makes sense of Old Testament violence /,"Boyd, Gregory A., 1957- author.",1506420737; 9781506420738,300000458655
Oct 17,THEO,"0bt""613 m37 2017",STACK,BT613 .M37 2017,Mary on the eve of the Second Vatican Council /,,0268101582; 9780268101589; 0268101590; 9780268101596; 9780268101619; 0268101612; 9780268101602; 0268101604,300000472232
Oct 17,THEO,"0bt""695 m55 1985",STACK,BT695 .M55 1985,God in creation : a new theology of creation and the Spirit of God /,"Moltmann, Jürgen.",0060658991; 9780060658991,300000471090
Oct 17,THEO,"0bt""695.5 e24 2017",STACK,BT695.5 .E24 2017,Rooted and grounded in love : Holy Communion for the whole creation /,"Eberhart, Timothy Reinhold, author.",9781498209632; 1498209637; 1498209610; 9781498209618,300000472224
Oct 17,THEO,"0bt""695.5 h33 2009",STACK,BT695.5 .H33 2009,An inconvenient text : is a green reading of the Bible possible? /,"Habel, Norman C.",9781921511561; 1921511567,300000461856
Oct 17,THEO,"0bt""700 i43 2017",STACK,BT700 .I43 2017,The human condition in Hilary of Poitiers : the will and original sin between Origen and Augustine /,"Image, Isabella Christine, 1976- author.",0198806647; 9780198806646,300000458610
Oct 17,THEO,"0bt""704 r69 2017",STACK,BT704 .R69 2017,Redeeming the feminine soul : God's surprising vision for womanhood /,"Roys, Julie, 1965- author.",0718087798; 9780718087791,300000472286
Oct 17,THEO,"0bt""707.6 r45 2017",STACK,BT707.6 .R45 2017,The triumph of love : same-sex marriage and the Christian love ethic /,"Reitan, Eric, author.",1498296254; 9781498296250; 1498296270; 9781498296274,300000472213
Oct 17,THEO,"0bt""732 f56 2017",STACK,BT732 .F56 2017,Flourishing in faith : theology encountering positive psychology /,,1498296408; 9781498296403; 1498296424; 9781498296427,300000472209
Oct 17,THEO,"0bt""741.3 n38 2017",STACK,BT741.3 .N38 2017,"In search of soul : hip-hop, literature, and religion /","Nava, Alejandro (Author on hip hop), author.",0520293533; 9780520293533; 0520293541; 9780520293540; 9780520966758; 0520966759,300000472194
Oct 17,THEO,"0bt""771.3 e35 2017",STACK,BT771.3 .E35 2017,Faith and will : voluntariness of faith in analytic theism /,"Eklund, Dan-Johan, author.",9042934573; 9789042934573,300000472230
Oct 17,THEO,"0bt""825 a27 2017",STACK,BT825 .A27 2017,"Among the ashes : on death, grief, and hope /","Abraham, William J. 1947- author. (William James),",0802875289; 9780802875280,300000472252
Oct 17,THEO,"0bt""886.3 u978 2017",STACK,BT886.3 .U978 2017,The Spirit and the Lake of Fire : Pneumatology and Judgment /,"Umstattd, Rustin.",1532615434; 9781532615436; 9781532615429; 1532615426,300000472211
Oct 17,THEO,"0bt""892 a38 2018",STACK,BT892 .A38 2018,"Israel, the church, and millenarianism : a way beyond replacement theology /","Aguzzi, Steven D., author.",147248522X; 9781472485229; 9781315590141; 131559014X,300000472275
Oct 17,THEO,"0bt""963 u34 2015",STACK,BT963 .U34 2015,"Unseen worlds : dealing with spirits, witchcraft, and satanism /","Udelhoven, Bernhard.",1505619599; 9781505619591,300000461849
Oct 17,THEO,"0bt""990 f35 2017",STACK,BT990 .F35 2017 V.1,Faith in formulae : a collection of early Christian creeds and creed-related texts /,,9780198269410; 0198269412; 0199609020; 9780199609024; 0199609039; 9780199609031; 0198758413; 9780198758419; 0198758421; 9780198758426,300000472290
Oct 17,THEO,"0bt""990 f35 2017",STACK,BT990 .F35 2017 V.2,Faith in formulae : a collection of early Christian creeds and creed-related texts /,,9780198269410; 0198269412; 0199609020; 9780199609024; 0199609039; 9780199609031; 0198758413; 9780198758419; 0198758421; 9780198758426,300000472291
Oct 17,THEO,"0bt""990 f35 2017",STACK,BT990 .F35 2017 V.3,Faith in formulae : a collection of early Christian creeds and creed-related texts /,,9780198269410; 0198269412; 0199609020; 9780199609024; 0199609039; 9780199609031; 0198758413; 9780198758419; 0198758421; 9780198758426,300000472292
Oct 17,THEO,"0bt""990 f35 2017",STACK,BT990 .F35 2017 V.4,Faith in formulae : a collection of early Christian creeds and creed-related texts /,,9780198269410; 0198269412; 0199609020; 9780199609024; 0199609039; 9780199609031; 0198758413; 9780198758419; 0198758421; 9780198758426,300000472293
Oct 17,THEO,0bt#1390 f67 2017,STACK,BT1390 .F67 2017,The name of God and the angel of the Lord : Samaritan and Jewish concepts of intermediation and the origin of gnosticism /,"Fossum, Jarl E.",1481307932; 9781481307932,300000472299
Oct 17,THEO,0bv!15 b57 2000,STACK,BV15 .B57 2000,Culturally-conscious worship /,"Black, Kathy, 1956-",9780827204812; 0827204817,300000471051
Oct 17,THEO,0bv!15 s64 2011,STACK,BV15 .S64 2011,The worship mall : contemporary responses to contemporary culture /,"Spinks, Bryan D.",9780898696752; 0898696755; 9780898696776; 0898696771,300000461762
Oct 17,THEO,0bv!15 w335 2008,STACK,BV15 .W335 2008,Worshiping in the small membership church /,"Wallace, Robin Knowles.",9780687651016; 0687651018,300000471157
Oct 17,THEO,0bv!15 w42 1996,STACK,BV15 .W42 1996,Blended worship : achieving substance and relevance in worship /,"Webber, Robert E., 1933-2007.",1565632451; 9781565632455,300000471079
Oct 17,THEO,0bv!15 w538 1985,STACK,BV15 .W538 1985,With glad and generous hearts : a personal look at Sunday worship /,"Willimon, William H.",9780835805360; 0835805360,300000461743
Oct 17,THEO,"0bv""176 w47 1994",STACK,BV176 .W47 1994,Liturgy and learning through the life cycle /,"Westerhoff, John H.",1878009214; 9781878009210,300000471151
Oct 17,THEO,"0bv""199 m3 l36 2008",STACK,BV199 .M3 L36 2008,Christian weddings : resources to make your ceremony unique /,"Langford, Andy.",0687649595; 9780687649594,300000461788
Oct 17,THEO,"0bv""199 m3 l36 2008 cd-rom 0",MEDIA,BV199 .M3 L36 2008 CD-ROM,Christian weddings : resources to make your ceremony unique /,"Langford, Andy.",0687649595; 9780687649594,300000461785
Oct 17,THEO,"0bv""230 b366 1957",STACK,BV230 .B366 1957,Das Vaterunser : das Gebet der Jünger Jesu /,"Bannach, Horst.",,300000461747
Oct 17,THEO,"0bv""245 d455 2017",STACK,BV245 .D455 2017,Four birds of Noah's Ark : a prayer book from the time of Shakespeare /,"Dekker, Thomas, approximately 1572-1632, author.",0802874819; 9780802874818,300000472254
Oct 17,THEO,"0bv""288 c76 2007",STACK,BV288 .C76 2007,Liturgical art for a media culture /,"Crowley, Eileen D.",9780814629680; 0814629687,300000230262
Oct 17,THEO,"0bv""290 m88 2005",STACK,BV290 .M88 2005,Music in Christian worship : at the service of the liturgy /,,9780814630211; 0814630219,300000461789
Oct 17,THEO,"0bv""315 m75 2003",STACK,BV315 .M75 2003 V.3,Then sings my soul /,"Morgan, Robert J., 1952-",0785249397; 9780785249399; 0785251685; 9780785251682; 0849947138; 9780849947131,300000461817
Oct 17,THEO,"0bv""315 p48 2006",STACK,BV315 .P48 2006,The complete book of hymns : inspiring stories about 600 hymns and praise songs /,"Petersen, William J.",9781414309330; 1414309333,300000461783
Oct 17,THEO,"0bv""600.2 m6413",STACK,BV600.2 .M6413,The church in the power of the spirit : a contribution to Messianic ecclesiology /,"Moltmann, Jürgen.",0006065905x,300000471072
Oct 17,THEO,"0bv""600.3 b75 2017",STACK,BV600.3 .B75 2017,How to become a multicultural church /,"Brouwer, Douglas J., author.",0802873936; 9780802873934,300000472260
Oct 17,THEO,"0bv""600.3 p38 2017",STACK,BV600.3 .P38 2017,Church in ordinary time : a wisdom ecclesiology /,"Pauw, Amy Plantinga, author.",0802871860; 9780802871862,300000472248
Oct 17,THEO,"0bv""601.2 h67 1987",STACK,BV601.2 .H67 1987,Congregation : stories and structures /,"Hopewell, James F.",9780800619565; 0800619560,300000461787
Oct 17,THEO,"0bv""601.3 r47 2017",STACK,BV601.3 .R47 2017,Communion ecclesiology in a racially polarised South Africa /,"Resane, K. Thomas, author.",1920382968; 9781920382964; 9781920382971; 1920382976,300000461838
Oct 17,THEO,"0bv""601.8 h55 2017",STACK,BV601.8 .H55 2017,"Salt, light, and a city : ecclesiology for the Global Missional Community:","Hill, Graham, Reverend, author.",1532603223; 9781532603228; 153260324X; 9781532603242; 9781532603235; 1532603231,300000472220
Oct 17,THEO,"0bv""652.95 w67 2014",STACK,BV652.95 .W67 2014,"Word and image : guidelines on communication, media and the Church in support of the theme for 2014 ""Evangelisation - Communication - Formation"".",,1920339655; 9781920339654,300000461836
Oct 17,THEO,"0bv""676 m3 1984",STACK,BV676 .M3 1984,Make plain the vision : a book of sermons in celebration of the ministry of women in the United Methodist Church /,,,300000461804
Oct 17,THEO,"0bv""676 n67 1992",STACK,BV676 .N67 1992,The woman in the pulpit /,"Norén, Carol Marie.",9780687458936; 0687458935,300000471020
Oct 17,THEO,"0bv""772 b49 2017",STACK,BV772 .B49 2017,Beyond the offering plate : a holistic approach to stewardship /,,066426235X; 9780664262358; 9781611648119; 1611648114,300000472189
Oct 17,THEO,"0bv""873 e8 n38 1974",STACK,BV873 .E8 N38 1974,Exorcism through the ages. /,"Nauman, St. Elmo.",9780802221490; 0802221491; 0517169754; 9780517169759,300000472302
Oct 17,THEO,0bv#2100 t44 2017,STACK,BV2100 .T44 2017,Encountering the history of missions : from the early church to today /,"Terry, John Mark, 1949- author.",0801026962; 9780801026966,300000472193
Oct 17,THEO,0bv#2370 b646 k66 2015,STACK,BV2370 .B646 K66 2015,"Entrusted with the word : a history of the Bible Society of Ghana, 1965-2015 /","Kpobi, David N. A. (David Nii Anum)",9988219717; 9789988219710,300000461847
Oct 17,THEO,0bv#2410 h65 2017,STACK,BV2410 .H65 2017,Protestants abroad : how missionaries tried to change the world but changed America /,"Hollinger, David A., author.",0691158436; 9780691158433,300000461790
Oct 17,THEO,0bv#3280 n5 j660 2017,STACK,BV3280 .N5 J660 2017,"Missionary Christianity and local religion : American evangelicalism in North India, 1836-1870 /","Jones, Arun W., author.",160258432X; 9781602584327,300000472205
Oct 17,THEO,0bv#3625 g62 o656 2013,STACK,BV3625 .G62 O656 2013,Christianising the heathen : Theophilus Opoku's mission and ministry in nineteenth-century Gold Coast /,"Iheanacho, Maureen O.",9988183755; 9789988183752,300000461841
Oct 17,THEO,0bv#3625 m65 a58 2016,STACK,BV3625 .M65 A58 2016,A árvore cresce e dá frutos : Missionários da Consolata Moçambique /,"Antunes, Diamantino Guapo, author.",9728265530; 9789728265533,300000471021
Oct 17,THEO,0bv#3785 a46 a4 2012,STACK,BV3785 .A46 A4 2012,The modern day Abraham : the story of my life /,"Akoria, Anthony Oghenedoro, author.",9785097404; 9789785097405,300000471081
Oct 17,THEO,0bv#3785 h348 j637 2016,STACK,BV3785 .H348 J637 2016,"Lessons from the ministry and life of prophet William Wade Harris, 1st African independent prophet /","Johnson, Richard Kwame.",9988232500; 9789988232504,300000461840
Oct 17,THEO,0bv#4012 b585 1959,STACK,BV4012 .B585 1959,Psychology für Pfarrer und Gemeinde.,"Bonnell, John Sutherland, 1893-1992.",,300000461741
Oct 17,THEO,0bv#4211.3 b764 2016,STACK,BV4211.3 .B764 2016,Ways of the word : learning to preach for your time and place /,"Brown, Sally A. author (Sally Ann),",9780800699222; 080069922X,300000471013
Oct 17,THEO,0bv#4211.3 c73 2013,STACK,BV4211.3 .C73 2013,A taste of milk & honey /,"Craddock, Fred B., author.",0989730212; 9780989730211,300000471153
Oct 17,THEO,0bv#4211.3 g76 2017,STACK,BV4211.3 .G76 2017,Women's voices and the practice of preaching /,"Gross, Nancy Lammers, 1956- author.",0802873227; 9780802873224,300000472259
Oct 17,THEO,0bv#4211.3 s758 2017,STACK,BV4211.3 .S758 2017,Between two worlds : the challenge of preaching today /,"Stott, John R. W., author.",9780802875525; 0802875521,300000472262
Oct 17,THEO,0bv#4235 e75 r45 2012,STACK,BV4235 .E75 R45 2012,The six deadly sins of preaching : becoming responsible for the faith we proclaim /,"Reid, Robert Stephen.",9781426735394; 1426735391,300000471014
Oct 17,THEO,0bv#4315 w355 2017,STACK,BV4315 .W355 2017,Feasting on the word : children's sermons for Year B /,"Wehrheim, Carol A., author.",0664261086; 9780664261085; 9781611648188; 1611648181,300000472187
Oct 17,THEO,0bv#4415 w66 2015,STACK,BV4415 .W66 2015,Women in Church and society : voices of women from the IMBISA region /,,,300000471008
Oct 17,THEO,0bv#4437.5 s26 2017,STACK,BV4437.5 .S26 2017,A brief guide to ministry with LGBTQIA youth /,"Sanders, Cody J., author.",0664262503; 9780664262501; 9781611648164; 1611648165,300000472186
Oct 17,THEO,0bv#4461 s55 2017,STACK,BV4461 .S55 2017,Pastoral care and intellectual disability : a person-centered approach /,"Shurley, Anna Katherine Ellerman, author.",1481301691; 9781481301695; 9781481307369; 1481307363,300000472204
Oct 17,THEO,0bv#4501.2 b36 1957,STACK,BV4501.2 .B36 1957,Das erträumte und das wirkliche Glück : eine Auslegung der Seligpreisungen /,"Bannach, Horst, author.",,300000461776
Oct 17,THEO,0bv#4503 a9 1954,STACK,BV4503 .A9 1954,Die vollkommene Frömmigkeit des Christen : nach dem Enchiridion militis Christiani des Erasmus von Rotterdam /,"Auer, Alfons.",,300000471001
Oct 17,THEO,0bv#4509.5 w397 2017,STACK,BV4509.5 .W397 2017,Incarnational ministry : being with the church /,"Wells, Samuel, 1965- author.",0802874851; 9780802874856,300000472244
Oct 17,THEO,0bv#4527 a34 2016,STACK,BV4527 .A34 2016,Can I cry out ? : questions & answers from Women in Ministry Conferences /,"Adeboye, Folu, author.",9789525478; 9789789525478,300000471039
Oct 17,THEO,0bv#4647 h67 j57 2017,STACK,BV4647 .H67 J57 2017,Saved by faith and hospitality /,"Jipp, Joshua W., author.",080287505X; 9780802875051,300000472243
Oct 17,THEO,0bv#4647 p3 d38 2017,STACK,BV4647 .P3 D38 2017,Forbearance : a theological ethic for a disagreeable church /,"Davis, James Calvin, author.",0802875106; 9780802875105,300000472242
Oct 17,THEO,0bv#4740 c3155 2017,STACK,BV4740 .C3155 2017,Calling all years good : Christian vocation throughout life's seasons /,,080287424X; 9780802874245,300000472261
Oct 17,THEO,0bv#4832.2 w66 1974,STACK,BV4832.2 .W66 1974,A workable faith /,"Wood, June Smallwood.",0802221521; 9780802221520,300000471095
Oct 17,THEO,0bv#5082.3 c585 2017,STACK,BV5082.3 .C585 2017,Commitments to medieval mysticism within contemporary contexts /,,9042934476; 9789042934474,300000472228
Oct 17,THEO,0bx 9.5 r4 r44 2017,STACK,BX9.5 .R4 R44 2017,"Reforming theology, migrating church, transforming society a compendium for ecumenical education /",,3946426018; 9783946426011,300000458659
Oct 17,THEO,"0bx""323 o87",STACK,BX323 .O87,Theology of the icon /,"Ouspensky, Léonide.",9780913836422; 0913836427,300000471085
Oct 17,THEO,"0bx""839 g4 a27 2014",STACK,BX839 .G4 A27 2014,Acts of the 2014 National Pastoral Congress /,"National Catholic Pastoral Congress Sunyani, Ghana) 2014 : (2nd :",,300000461835
Oct 17,THEO,"0bx""920 r65 s36 1984",STACK,BX920 .R65 S36 1984,Das Collegium Germanicum in Rom und die Germaniker : zur Funktion eines römischen Ausländerseminars (1552-1914) /,"Schmidt, Peter, author.",9783484820562; 348482056X,300000471062
Oct 17,THEO,0bx#1407 m48 e57 1998,STACK,BX1407 .M48 E57 1998,Mestizo worship : a pastoral approach to liturgical ministry /,"Elizondo, Virgilio P.",9780814624906; 0814624901,300000086346
Oct 17,THEO,0bx#1407 m48 h67 2002,STACK,BX1407 .M48 H67 2002,Horizons of the sacred : Mexican traditions in U.S. Catholicism /,,9780801440113; 0801440114; 9780801488221; 0801488222,300000172746
Oct 17,THEO,0bx#1795 h82 c38337 2017,STACK,BX1795 .H82 C38337 2017,"Reflections on Pope Francis's encyclical, Laudato si' /",,9781443879095; 1443879096,300000472321
Oct 17,THEO,0bx#1912 l85 2017,STACK,BX1912 .L85 2017,Assessment of the effectiveness of the ministry of priests in eastern Africa : research report /,"Lukwata, John M.",9966015531; 9789966015532,300000461855
Oct 17,THEO,0bx#2170 c55 p49 1995,STACK,BX2170 .C55 P49 1995 V.1,The cultural world of Jesus : Sunday by Sunday /,"Pilch, John J.",0814622860; 9780814622865; 0814622879; 9780814622872; 0814622887; 9780814622889,300000471174
Oct 17,THEO,0bx#2330 b68 2017,STACK,BX2330 .B68 2017,"Pious postmortems : anatomy, sanctity, and the Catholic Church in early modern Europe /","Bouley, Bradford, author.",0812249577; 9780812249576,300000472274
Oct 17,THEO,0bx#2465 d55 2017,STACK,BX2465 .D55 2017,Monasteries and the care of souls in late antique Christianity : cognition and discipline /,"Dilley, Paul, author.",1107184010; 9781107184015,300000472267
Oct 17,THEO,0bx#3003 n68 2017,STACK,BX3003 .N68 2017,"A not so unexciting life : essays on Benedictine history and spirituality in honor of Michael Casey, OCSO /",,0879072695; 9780879072698; 9780879070526; 0879070528,300000472221
Oct 17,THEO,0bx#3702 a1 c36 2017,STACK,BX3702 .A1 C36 2017,The Cambridge encyclopedia of the Jesuits /,,0521769051; 9780521769051,300000472289
Oct 17,THEO,0bx#4654 b82 1990,OSIZE,BX4654 .B82 1990,Lives of the saints /,"Butler, Alban, 1711-1773.",0831756349; 9780831756345,300000461812
Oct 17,THEO,0bx#4705 m1143 r36 2014,STACK,BX4705 .M1143 R36 2014,Monsenhor Joaquim Mabuiangue : uma vida a várias vozes /,"Ramos, Maria Carlos.",9728265514; 9789728265519,300000461853
Oct 17,THEO,0bx#4705 m542 a4 2017,STACK,BX4705 .M542 A4 2017,From the monastery to the world : the letters of Thomas Merton and Ernesto Cardenal /,,1619029014; 9781619029019,300000472284
Oct 17,THEO,0bx#4817 r684 2015,STACK,BX4817 .R684 2015,Auf Sand gebaut : warum die evangelischen Kirchen zerfallen /,"Rothen, Paul Bernhard.",3643801882; 9783643801883,300000471124
Oct 17,THEO,0bx#4818.3 a68 2018,STACK,BX4818.3 .A68 2018,Aquinas among the Protestants /,,1119265894; 9781119265894; 1119265940; 9781119265948; 9781119265979; 1119265975,300000472328
Oct 17,THEO,0bx#4827 b3 g355 2017,STACK,BX4827 .B3 G355 2017,Karl Barth : an introductory biography for evangelicals /,"Galli, Mark, author.",0802869394; 9780802869395,300000472255
Oct 17,THEO,0bx#4827 b57 a43 1972,STACK,BX4827 .B57 A43 1972,Letters and papers from prison. /,"Bonhoeffer, Dietrich, 1906-1945.",9780020839200; 0020839200,300000461797
Oct 17,THEO,0bx#4827 b57 b58,STACK,BX4827 .B57 B58,A Bonhoeffer legacy : essays in understanding /,,9780802835468; 0802835465,300000471075
Oct 17,THEO,0bx#4827 b57 b86 1985,STACK,BX4827 .B57 B86 1985,Shaping the future : the ethics of Dietrich Bonhoeffer /,"Burtness, James H.",0800618696; 9780800618698,300000471073
Oct 17,THEO,0bx#4827 b57 k44 1984,STACK,BX4827 .B57 K44 1984,Liberating faith : Bonhoeffer's message for today /,"Kelly, Geffrey B.",0806620927; 9780806620923,300000471076
Oct 17,THEO,0bx#4827 b78 j64 1987,STACK,BX4827 .B78 J64 1987,Rudolf Bultmann : interpreting faith for the modern era /,"Johnson, Roger A., 1930-",9780005990612; 0005990610; 9780005999776; 0005999774,300000471078
Oct 17,THEO,0bx#4827 s3 p38 2017,STACK,BX4827 .S3 P38 2017,The eternal covenant : Schleiermacher on God and natural science /,"Pedersen, Daniel James, 1986- author.",3110540800; 9783110540802,300000472227
Oct 17,THEO,0bx#5149 c6 s7 2017,STACK,BX5149 .C6 S7 2017,Confess your sins : the way of reconciliation /,"Stott, John R. W., author.",0802875092; 9780802875099,300000472253
Oct 17,THEO,0bx#6276 c767 2017,STACK,BX6276 .C767 2017,Useful learning : neglected means of grace in the reception of the Evangelical Revival among English Particular Baptists /,"Cross, Anthony R., author.",9781498202572; 1498202578; 1498202551; 9781498202558,300000472219
Oct 17,THEO,0bx#8007 d53 2017,STACK,BX8007 .D53 2017,Dictionary of Luther and the Lutheran traditions /,,0801049695; 9780801049699,300000472199
Oct 17,THEO,0bx#8067 a3 l762 1978,STACK,BX8067 .A3 L762 1978,Lutheran book of worship : liturgy /,,,300000471155
Oct 17,THEO,0bx#8067.3 s96 2015,STACK,BX8067.3 .S96 2015 Year B,Sundays and seasons.,Evangelical Lutheran Church in America.,1451425619; 9781451425611; 1451425694; 9781451425697; 1451425775; 9781451425772,300000461816
Oct 17,THEO,0bx#8322 g4 f65 2008,STACK,BX8322 .G4 F65 2008,Wesleyan heritage in Ghana : as portrayed by the addresses of Ghanaian heads of the Methodist Church Ghana to representatives sessions of conference 1962-2008 /,"Foli, Richard, author.",998884431X; 9789988844318,300000461851
Oct 17,THEO,0bx#8322 g5 f658 2008,STACK,BX8322 .G5 F658 2008,Ghana Methodism today /,"Foli, Richard, author.",9988844301; 9789988844301,300000461854
Oct 17,THEO,0bx#8333 w4 j6 1983,STACK,BX8333 .W4 J6 1983,John Wesley's fifty-three sermons /,"Wesley, John, 1703-1791.",9780687204939; 0687204933,300000471006
Oct 17,THEO,0bx#8349 h4 h65 1986,STACK,BX8349 .H4 H65 1986,Health and medicine in the Methodist tradition : journey toward wholeness /,"Holifield, E. Brooks.",0824507924; 9780824507923,300000471012
Oct 17,THEO,0bx#8382.2 a55,REF,BX8382.2 .A55 2017,Journal and yearbook : minutes of the ... annual conference of the Alaska United Methodist Conference of the United Methodist Church.,United Methodist Church (U.S.). Alaska United Methodist Conference.,,300000462469
Oct 17,THEO,0bx#8382.2 w45,REF,BX8382.2 .W45 2017,Official journal and year book of the West Virginia Annual Conference of the United Methodist Church.,United Methodist Church (U.S.). West Virginia Conference.,,300000462538
Oct 17,THEO,0bx#8388 f73 2006,STACK,BX8388 .F73 2006,"Polity, practice, and the mission of the United Methodist Church /","Frank, Thomas Edward.",9780687335312; 0687335310,300000461798
Oct 17,THEO,0bx#8495 a43 a3 2007,STACK,BX8495 .A43 A3 2007,"God trusted a woman : leadership lessons from the life of Dr. Frances M. Alguire, first laywoman to lead the World Methodist Council /","Alguire, Frances M.",1419678175; 9781419678172,300000471019
Oct 17,THEO,0bx#8495 w5 g73 1987,STACK,BX8495 .W5 G73 1987,John Wesley /,"Green, Vivian Hubert Howard.",9780819164612; 0819164615,300000461761
Oct 17,THEO,0bx#8495 w5 m284 1994,STACK,BX8495 .W5 M284 1994,Responsible grace : John Wesley's practical theology /,"Maddox, Randy L.",9780687003341; 0687003342,300000461774
Oct 17,THEO,0bx#8495 w5 m28713 1992,STACK,BX8495 .W5 M28713 1992,John Wesley's social ethics : praxis and principles /,"Marquardt, Manfred, 1940-",9780687204946; 0687204941,300000461771
Oct 17,THEO,0bx#8495 w5 w9 2015,STACK,BX8495 .W5 W9 2015,A theology of love : the dynamic of Wesleyanism /,"Wynkoop, Mildred Bangs, author.",0834134934; 9780834134935,300000461834
Oct 17,THEO,0bx#8762 a45 p48 2011,STACK,BX8762 .A45 P48 2011,"Not by might, nor by power : a pentecostal theology of social concdern in latin america.","Petersen, Douglas.",1610978013; 9781610978019,300000461848
Oct 17,THEO,0bx#8776.5 z5 a34 2017,STACK,BX8776.5 .Z5 A34 2017,Stories of pastor E. A. Adeboye : the power of testimony /,"Daniels, Bisi, author.",1511866071; 9781511866071,300000471040
Oct 17,THEO,0bx#8935 p74 2017,STACK,BX8935 .P74 2017,The Presbyterian experience in the United States : a sourcebook /,,0664262147; 9780664262143; 9781611648133; 1611648130,300000472184
Oct 17,THEO,0bx#8969.5 b66 2017,STACK,BX8969.5 .B66 2017,Book of confessions : part 1 of the constitution of the Presbyterian Churc (U.S.A.) /,Presbyterian Church (U.S.A.),0664262902; 9780664262907; 9781611648171; 1611648173,300000472296
Oct 17,THEO,0bx#9178 s7 d4 2017,STACK,BX9178 .S7 D4 2017,Deeper waters : sermons for a new vision /,"Stroupe, Nibs, author.",1532631383; 9781532631382; 1532631405; 9781532631405; 1532631391; 9781532631399,300000471028
Oct 17,THEO,0bx#9225 o87 a52 2017,STACK,BX9225 .O87 A52 2017,The story of Samuel Otu : a Christian martyr of the 19th century /,"Amankonah Kwaa, Edmund.",9988248318; 9789988248314,300000461846
Oct 17,THEO,0bx#9418 j62 1982,STACK,BX9418 .J62 1982,"John Calvin, his influence in the Western world /",,9780310447214; 0310447216,300000471033
Oct 17,THEO,0bx#9427 g68 2017,STACK,BX9427 .G68 2017,Gottesdienst in der reformierten Kirche : Einführung und Perspektiven /,,9783290181284; 3290181286; 3290178536; 9783290178536,300000458620
Oct 17,THEO,0bx#9620 i43 2017,STACK,BX9620 .I43 2017,Imagining a way : exploring reformed practical theology and ethics /,,0664262988; 9780664262983; 9781611648263; 1611648262,300000472185
Oct 17,THEO,"0cb""359 s653 1980",STACK,CB359 .S653 1980 V.1,The Renaissance and Reformation movements /,"Spitz, Lewis W. 1922-1999. (Lewis William),",0570038189; 9780570038184; 0570038197; 9780570038191,300000471031
Oct 17,THEO,"0cb""359 s653 1980",STACK,CB359 .S653 1980 V.2,The Renaissance and Reformation movements /,"Spitz, Lewis W. 1922-1999. (Lewis William),",0570038189; 9780570038184; 0570038197; 9780570038191,300000471034
Oct 17,THEO,"0dd""901 f735 h65 2004",STACK,DD901 .F735 H65 2004,Die grossen Frankfurter : ehrenwürdige Bürger und Ehrenbürger von Karl dem Grossen bis Friedrich von Metzler /,"Hoffmann, Hilmar.",3797309287; 9783797309280,300000461777
Oct 17,THEO,"0dd""901 w63 b56 1983",STACK,DD901.W63 B56 1983,"Wittenberg, die Lutherstadt /","Blaschke, Karlheinz.",,300000471025
Oct 17,THEO,0dk!67.5 b95 m49 1989,STACK,DK67.5 .B95 M49 1989,Byzantium and the rise of Russia : a study of Byzantino-Russian relations in the fourteenth century /,"Meyendorff, John, 1926-1992.",0881410799; 9780881410792,300000472304
Oct 17,THEO,0ds!94.5 d4 2017,STACK,DS94.5 .D4 2017,"The archaeology of death in Roman Syria : burial, commemoration, and empire /","De Jong, Lidewijde, author.",9781107131415; 1107131413,300000472277
Oct 17,THEO,0ds!96 k836 2016,STACK,DS96 .K836 2016,Neo-Assyrian historical inscriptions and Syria-Palestine : Israelite/Judean-Tyrian-Damascene political and commercial relations in the ninth-eighth centuries BCE /,"Kuan, Jeffrey K., author.",9781498281430; 1498281435,300000472218
Oct 17,THEO,0dt!14 a566 2016,STACK,DT14 .A566 2016,The baptism of Satan in Africa /,"Annku, Mcboafo F.",9781524554140; 1524554162; 9781524554163; 1524554154; 9781524554156,300000461845
Oct 17,THEO,"0dt""515.67 a23 a23 1958",STACK,DT515.67 .A23 A23 1958,Īdāʻ al-nusūkh man akhazu min al-shuyūkh /,"ʻAbd Allāh ibn Muḥammad, Emir of Gwandu, approximately 1767-1829.",,300000462451
Oct 17,THEO,"0gn""451 t87 1974",STACK,GN451 .T87 1974,"Dramas, fields, and metaphors; : symbolic action in human society /","Turner, Victor Witter.",9780801408168; 0801408164,300000472306
Oct 17,THEO,0hc!79 p63 a24 1901,STACK,HC79 .P63 A24 1901,Shakai mondai kaishakuhō /,"Abe, Isoo, 1865-1949.",,300000462449
Oct 17,THEO,"0hm""821 b66 2017",STACK,HM821 .B66 2017,"Memory, grief, and agency : a political theological account of wrongs and rites.","Boopalan, Sunder John, author, author.",3319589571; 9783319589572; 331958958X; 9783319589589,300000461831
Oct 17,THEO,0hq#1240.5 g4 a337 2016,STACK,HQ1240.5 .G4 A337 2016,Gender and change : roles and challenges of ordained women ministers of the Prespbyterian Church of Ghana /,"Adasi, Grace Sintim, author.",9988235240; 9789988235246,300000461839
Oct 17,THEO,0jv#6038 r34 2017,STACK,JV6038 .R34 2017,Migrants and citizens : justice and responsibility in the ethics of immigration /,"Rajendra, Tisha M., 1977- author.",0802868827; 9780802868824,300000472250
Oct 17,THEO,"0kft""396.5 v3 t46 1914",STACK,KFT396.5 .V3 T46 1914,"Opinion of the Supreme Court of Tennessee in the Vanderbilt University case : rendered March 21, 1914.",Tennessee. Supreme Court.,,300000462442
Oct 17,THEO,"0lc""493 i36 2017",STACK,LC493 .I36 2017,Ignatian pedagogy : classic and contemporary texts on Jesuit education from St. Ignatius to today /,,0829445951; 9780829445954; 9780829445961; 082944596X,300000472283
Oct 17,THEO,0ld#4721 r32 b46 2017,STACK,LD4721 .R32 B46 2017,Keeping the soul in Christian higher education : a history of Roanoke College /,"Benne, Robert, author.",0802875173; 9780802875174,300000472236
Oct 17,THEO,0ml#3129 l87 2017,STACK,ML3129 .L87 2017,Die Lieder /,"Luther, Martin, 1483-1546.",3150110963; 9783150110966; 3899482875; 9783899482874,300000458614
Oct 17,THEO,0ml#3187.5 p37 2004,STACK,ML3187.5 .P37 2004,"At the crossroads : inside the past, present, and future of contemporary Christian music /","Peacock, Charlie.",0877881286; 9780877881285,300000461784
Oct 17,THEO,0n!72 m85 f73 2017,STACK,N72 .M85 F73 2017,Art as contemplative practice : expressive pathways to the self /,"Franklin, Michael A., 1956- author.",1438464339; 9781438464336; 9781438464343; 1438464347,300000472182
Oct 17,THEO,0n!72 r4 a77 1995,STACK,N72 .R4 A77 1995,"Art, creativity, and the sacred : an anthology in religion and art /",,082640829X; 9780826408297,300000461786
Oct 17,THEO,0n#7628 w46 h45 2016,STACK,N7628 .W46 H45 2016,An exact likeness : the portraits of John Wesley / Ricard P. Heitzenrater.,"Heitzenrater, Richard P., 1939-",9781501816604; 1501816608,300000458257
Oct 17,THEO,0n#7973 i46 2017,STACK,N7973 .I46 2017,The narrow way to heaven : identity and identities in the art of Middle Eastern Christianity /,"Immerzeel, Mat, author.",9042932287; 9789042932289,300000472239
Oct 17,THEO,0n#8050 b35 1976,STACK,N8050 .B35 1976,Behold the Christ /,"Bainton, Roland H. 1894-1984. (Roland Herbert),",0060603526; 9780060603526; 0060603534; 9780060603533,300000461773
Oct 17,THEO,0n#8050 s26 1959,STACK,N8050 .S26 1959,Das Gottesbild im Abendland /,"Schöne, Wolfgang, 1910-",,300000472308
Oct 17,THEO,0nd#2920 h39 2017,STACK,ND2920 .H39 2017,Illuminated manuscripts /,"Hayman, Richard, 1959- author.",1784422363; 9781784422363,300000472324
Oct 17,THEO,0nd#3361 r5 o34 2011,STACK,ND3361 .R5 O34 2011,Contrasting images of the Book of Revelation in late medieval and early modern art : a case study in visual exegesis /,"O'Hear, Natasha, 1980-",9780199590100; 0199590109,300000471094
Oct 17,THEO,0pa#4500 x5 t34 2017,STACK,PA4500 .X5 T34 2017,Xenophon's Ephesiaca : a paraliterary love-story from the ancient world /,"Tagliabue, Aldo Carlo Fernando, author.",9789492444127; 9492444127,300000458608
Oct 17,THEO,0pa#8514 e5 1944,STACK,PA8514 .E5 1944,The praise of folly /,"Erasmus, Desiderius, -1536.",,300000461822
Oct 17,THEO,0pa#8518 a15 1986,STACK,PA8518 .A15 1986,Erasmi Roterodami Compendium vitae : Das Leben des Erasmus : von ihm selbst erzählt /,"Erasmus, Desiderius, -1536.",,300000461824
Oct 17,THEO,0pa#8518 h3315 1989,STACK,PA8518 .H3315 1989,Erasmus von Rotterdam : eine Biographie /,"Halkin, Léon-E. 1906-1998. (Léon-Ernest),",354534083X; 9783545340831,300000461778
Oct 17,THEO,0pa#8518 j36 1993,STACK,PA8518 .J36 1993,"Erasmus, man of letters : the construction of charisma in print /","Jardine, Lisa.",9780691057002; 0691057001,300000471032
Oct 17,THEO,0pa#8518 m354 1992,STACK,PA8518 .M354 1992,"Man on his own : interpretations of Erasmus, c 1750-1920 /","Mansfield, Bruce.",9780802059505; 0802059503,300000472309
Oct 17,THEO,"0pn""185 m8",STACK,PN185 .M8,Three medieval rhetorical arts. /,"Murphy, James Jerome.",9780520018204; 0520018206,300000471023
Oct 17,THEO,0pn#6084 r3 f68 2005,STACK,PN6084 .R3 F68 2005,The founders on religion : a book of quotations /,,9780691120331; 0691120331,300000461818
Oct 17,THEO,"0pr""605 m63 d66 2017",STACK,PR605.M63 D66 2017,Poetry and theology in the modernist period /,"Domestico, Anthony, 1984- author.",1421423316; 9781421423319; 9781421423326; 1421423324,300000472281
Oct 17,THEO,0ps#3513 i25 p7 2006,STACK,PS3513 .I25 P7 2006,The prophet /,"Gibran, Kahlil, 1883-1931.",0394404289; 9780394404288,300000461760
Oct 17,THEO,0ps#3525 e7174 z785 2016,STACK,PS3525 .E7174 Z785 2016,Merton & the protestant tradition /,,1891785745; 9781891785740,300000472191
Oct 17,THEO,"0rc""154.1 b76 1974",STACK,RC154.1 .B76 1974,The disease of the soul : leprosy in medieval literature.,"Brody, Saul Nathaniel.",0801408040; 9780801408045,300000472313
Oct 17,THEO,0z#7757 z4 s3 1962,STACK,Z7757 .Z4 S3 1962,Recent theological literature in Switzerland /,"Schweizer, Eduard, 1913-2006, author.",,300000461757
,,,,,,,,
